"relative_path","bytes","last_write_time","sha256"
".gitattributes","336","2026-07-14 19:51:17","E39E795D5F69DEF9B01417721CC89928FC5B2831CD30E3DAA93E8CBC06EC53A0"
"algorithm_m\openofdm_rx_delay_sample_model.m","931","2026-06-28 21:11:54","9F5290DF1F7DECEDC732EC71A8410BF2089A115C4F92F1B223A4D8C0B4C40956"
"algorithm_m\openofdm_rx_moving_avg_model.m","1718","2026-06-28 21:09:44","394B90F8E3DBE942B48BA14C47C248F934F4C4B78B558AB0531D8D40E7E71276"
"algorithm_m\openofdm_rx_power_trigger_model.m","1991","2026-06-28 20:19:40","64D17CD59EE13CFDC379245433A401B1E9BE8B1530B8EFDCED5D1DA074941D6F"
"algorithm_m\openwifi_convenc_model.m","1603","2026-06-27 22:21:38","C81E057225F559EDC4CDD27C86834268C66565F4B476705B4E440F611299FB58"
"algorithm_m\openwifi_crc32_tx_model.m","1319","2026-06-27 22:30:00","B4D4351A7BE2985CC0EB53CFB4AE0B7F6CF06373932B53E6F02FDF3EA15BE3E1"
"algorithm_m\openwifi_dot11_pilot_map_model.m","1202","2026-06-27 22:56:39","9E5CF2947EFB891DFE52383CB31EE182CFEB8E193601482F258C1C81664AAFFA"
"algorithm_m\openwifi_dot11_scrambler_model.m","4305","2026-06-27 22:38:33","24F85B3CF5B6E58CA2FFC3E5FCC4B09E857D2F52C224746373C1697BECBE7EE0"
"algorithm_m\openwifi_dot11_tx_ht_joint_model.m","9395","2026-06-28 16:57:42","00D62D994FA43760D63C4E9F85AF56D2355F13040A4E33EB9CEE8EBC5050335C"
"algorithm_m\openwifi_dot11_tx_joint_model.m","6515","2026-06-28 16:50:52","7FA35312C7CAD968843BCA9D67E017B4AFD5403D33C3531D8B53ECE2A0E8212B"
"algorithm_m\openwifi_ht_sig_crc_model.m","1424","2026-06-27 22:42:15","F5C47F984852835950B1E35524452442431727CFC566113C564C832BB016AD31"
"algorithm_m\openwifi_ifft64_fixed_model.m","8743","2026-06-27 00:02:37","EE2CD39F05F256F31FA1E4E8DA90493254C99B52CC717A0EFBCAB756CCA74844"
"algorithm_m\openwifi_n_sym_len14_model.m","1097","2026-06-27 22:43:25","D8CD1832B35561BA803EC78DB121C3A4567FEB060C32CF9CF167F609CD41ED4A"
"algorithm_m\openwifi_punc_interlv_model.m","5630","2026-06-27 22:28:21","202F1B8F102E2CA03568C35C40CCF6E663A56D7E1F7C24F2E72312134496FE84"
"algorithm_m\openwifi_tx_modulation_model.m","1704","2026-06-27 13:09:13","CAF8E597FF16CA49E5751D8CD2BD3B06043A8722273F34A53C6434E9E3AA751D"
"algorithm_m\verify_openofdm_rx_bits_to_bytes_model.m","1621","2026-06-29 00:10:24","D1EB545248571EC80BBBA27044C47A016E7A9C29C3EA9C9E1BF89172824FD1F5"
"algorithm_m\verify_openofdm_rx_calc_mean_model.m","1545","2026-06-29 00:18:29","D7A55AEEFC51D320F718A421A17C7592929CDD7EC5B41AD13BA6EAF39EC98198"
"algorithm_m\verify_openofdm_rx_complex_to_mag_model.m","2158","2026-06-28 20:32:35","A5362D53FA95160E0EAB06BE75D11F194131E630B95C378CCCE8F46A5C69F20A"
"algorithm_m\verify_openofdm_rx_complex_to_mag_sq_model.m","1730","2026-06-28 21:13:42","5CFE578CBF67E2D4EA9F4F29F3EA59044517B6F7926753796ED6FD5912BFBECD"
"algorithm_m\verify_openofdm_rx_crc32_model.m","4856","2026-06-29 00:12:34","E325DC2C2A509FD75F771EA7684A0A7B4217E1B60FA055D9AAE7817E9D74F75F"
"algorithm_m\verify_openofdm_rx_deinterleave_model.m","6382","2026-06-29 00:06:42","53FD9F6CCC4AE4A42E21D377A3E2CF05225BE3B528476B09EECD9392D9C07535"
"algorithm_m\verify_openofdm_rx_delay_sample_model.m","2301","2026-06-28 21:12:11","10A046EB6963157B57E961A381D0D4814BB726EB1DB0831C0A1CD9091ABF4F6F"
"algorithm_m\verify_openofdm_rx_demodulate_model.m","3752","2026-06-28 23:59:52","9FE8112B3E1FB0BD1A3927BD145BF54DA16C3C0DBE950A6406521292AD4C4210"
"algorithm_m\verify_openofdm_rx_descramble_model.m","2701","2026-06-29 00:09:06","E48F4867B3DE073525FD8318E74C8B15CE7B2DDDAB873F27EE3E02D5A37E4A1A"
"algorithm_m\verify_openofdm_rx_ht_sig_crc_model.m","1806","2026-06-29 00:15:13","CB4739E0798256EFFAA36DA4144A285B29D6D576564B77A64E4CCBEFA3AB21C0"
"algorithm_m\verify_openofdm_rx_moving_avg_model.m","2160","2026-06-28 21:10:01","D6A2D2876DC398E0F626575F4F4538527F8202D12F825BE393E90A33D3FB330F"
"algorithm_m\verify_openofdm_rx_phase_model.m","3549","2026-06-29 00:24:53","FF4C436C0CEE4D2A44F32468DE244FEE27705CA83AC6D8B51DB7338B777825E1"
"algorithm_m\verify_openofdm_rx_power_trigger_model.m","2596","2026-06-28 20:19:59","6AAB49EEEAD9E7EABB6953EA4B9ABB848E6BCF6F2D8B98DF568E4587BD5F7E38"
"algorithm_m\verify_openofdm_rx_rate_to_idx_model.m","1624","2026-06-29 00:01:43","9F5C1168734DD8C0FDFAAAE417743BDB617A9B6CFA02A3D32B127C58C59BFED5"
"algorithm_m\verify_openofdm_rx_rotate_model.m","4900","2026-06-29 00:27:43","FD58E3F70DE30F0E6EDA1D5F130F946B810056ABFB366A99009C258E853CE53A"
"algorithm_m\verify_openofdm_rx_stage_mult_model.m","2627","2026-06-29 08:05:06","35C9C626F46493B89C8F8B51208BE1B98A85D7E6851C741BF002CE5FE267FAF0"
"algorithm_m\verify_openofdm_rx_sync_short_joint.m","2391","2026-06-29 00:38:18","854CBA5E8E30CCB81E8922E9503871749E1D03F0F3209B874CEB0BB711010880"
"algorithm_m\verify_openofdm_rx_top_nodes.m","5012","2026-06-29 00:41:29","DD4F612BAC7906F00945716AD0D364305039225C1748E11F2D7B2CD4B0E37D15"
"algorithm_m\verify_openofdm_rx_viterbi_model.m","5158","2026-06-29 00:32:53","819DCB2EBAA98AD7D9C7A1F44BE4A55DD8EB169BC97C8EB63614D4583B6ED93D"
"algorithm_m\verify_openwifi_convenc_model.m","2337","2026-06-27 22:20:55","FEE0C5DE3D9DE3CEF029C666C54AFB4C5BAE1B1EF473A94D3EEE9DA89D3E8B8A"
"algorithm_m\verify_openwifi_crc32_tx_model.m","1662","2026-06-27 22:30:00","22255427FD00AD55A203B47F48EF44901A3938E9791A97A66E5E2543D044EAB0"
"algorithm_m\verify_openwifi_dot11_pilot_map_model.m","2649","2026-06-27 22:57:24","761B8BA14E51FF91CCF9D60DDAAF25A51389F6F2A51D5D7B4E26C2A9275D9785"
"algorithm_m\verify_openwifi_dot11_scrambler_model.m","3093","2026-06-27 22:38:33","658389E1245B10659466AAEFEA71EEBBC7F9D454AC48AA36AA310EC45376A1E2"
"algorithm_m\verify_openwifi_dot11_tx_full_stream_model.m","6388","2026-06-28 19:01:18","99E7FE63FD1A7D780F6A2DC8E4E4D582ED82B0574E824E41DB76632CFB4E84BA"
"algorithm_m\verify_openwifi_dot11_tx_ht_joint_model.m","4014","2026-06-28 16:57:42","38D6DBE79456D870509CACC9A6CC556F0C7475D5E9C354CA0F764C18D59E045C"
"algorithm_m\verify_openwifi_dot11_tx_joint_model.m","4294","2026-06-28 16:49:24","188F252EB606CBA9625128B398FF98DC337BD2475DEB2E11DCD5DB7EA18AE8BA"
"algorithm_m\verify_openwifi_ht_sig_crc_model.m","2149","2026-06-27 22:42:15","3D5F15DA2CBF897233A1381086C6EA64F0EC5BC74911442C6FCAF8CE81D0DE05"
"algorithm_m\verify_openwifi_ifft64_fixed_model.m","3730","2026-06-27 13:03:06","DE60274168D420D9831C38E6CB8C81F21218F19D7BF8C374287C3996C86C680B"
"algorithm_m\verify_openwifi_n_sym_len14_model.m","1383","2026-06-27 22:43:25","7BC4805E3E66ACF4992CC4E4AA5E2067145A94E453DFAFDEEF3D8D61683227BF"
"algorithm_m\verify_openwifi_punc_interlv_model.m","2266","2026-06-27 22:28:22","E540E349C7DAAC3FDE0F8EA69FEC8F62E1D9D4B6B91CEE84CB69AFEBC3E4C411"
"algorithm_m\verify_openwifi_tx_modulation_model.m","2388","2026-06-27 13:09:13","EF8A9C3100CC29BF26E31653438359848B0C96D63AD081371C0F3F672FB47904"
"docs\rx_node_generation.md","3982","2026-07-13 23:26:58","849D53FFB89B6BFBBF5BCADAD2DAC0754A816A5C21037B966A732B6C17DD7972"
"GITHUB_UPLOAD.md","1190","2026-07-14 19:51:17","E0DA3D0C4A526DB25B4B4D40F6D5F4241602E9C33FC209EA16FFE9D646DD030D"
"manifests\provenance_chain.csv","9500","2026-07-13 23:00:28","4A46B8C29FB4AF485B664618DD653267D99E1E66FCD7C3DE5A76AB05DC5371E4"
"manifests\rerun_mcs7_verification.csv","986","2026-07-13 23:15:27","834938EA32E42182D55CC9F6BFEB98FF12ABB92E979FEE97D8D3F89446C08032"
"manifests\rx_mcs0_7_sourcefix_summary.json","2693","2026-07-13 22:33:12","3376D7BE342D0B074A5CA0C4C3340DBD1E03EE1F8A7E5A6355E6A2C5CB20890D"
"manifests\waveform_index.csv","3917","2026-07-13 23:00:31","7FC2EE2E0E153A9952FCD81F4D4C42F3486B8208FE279B5C7ED19DD1A4579BE4"
"README.md","5422","2026-07-14 19:51:17","7E2F40270872289C574AF89FAB2EBC4AEEFE6F71EA60F062A3FAF18DC85DF9B8"
"reports\rx_handoff_file_inventory.md","10866","2026-07-13 22:42:47","C8883B79DF5D92D21FADAE7F3BAFFE1416D24822AA30D01DD7AE36E218C10B27"
"reports\rx_ht_mcs0_7_sourcefix_sweep.md","2207","2026-07-13 22:34:14","244DEA296BAFCB16DEAD9C14C24BBFEEEE5AFD9E7E068E61E2D671740EDA54CE"
"reports\rx_ht_pilot_polarity_mcs0_mcs7_validation.md","4448","2026-07-13 21:31:49","70CDE3392CCAF523AA12E400B88728CAD856BAE5D032125FA350C15F440BB82F"
"rerun\mcs7_rx_joint_rerun_160us.vivado.log","401506","2026-07-13 23:14:43","97DD395F1421567400806615E5C89AC2CFA728F69EC5AC25A5E55C0E01CE40BD"
"rerun\mcs7_rx_joint_rerun_160us\openwifi_rx_mac_joint.wdb","21935544","2026-07-13 23:14:42","F3C7E4B1A2A8D6F76BD363F8679DE37039F2F8BC7D1FE2CFA90FAC48F3F1CB9B"
"rerun\mcs7_rx_joint_rerun_160us\rx_mac_joint_bytes.csv","2383","2026-07-13 23:14:34","CC6998D8239BF6CDBE1FCC6C37C91A451BC9727596B80C3F178494513DE5023F"
"rerun\mcs7_rx_joint_rerun_160us\rx_mac_joint_ctrl.csv","155076","2026-07-13 23:14:34","E18FFDCD653E3C4B4F8DB9EF01C968C4EFE4704605D28D0127A64B64742BACA7"
"rerun\mcs7_rx_joint_rerun_160us\rx_mac_joint_demod.csv","15743","2026-07-13 23:14:42","FBAAE8FAAF84DBA97FB727AAF89FF6090EB6FD066A80BBDC5C1495622FDF83A4"
"rerun\mcs7_rx_joint_rerun_160us\rx_mac_joint_events.csv","4977","2026-07-13 23:14:34","58E5A5F038BF122D97E29F39D76155012950D8BE0C9AE2A682B4992240D6D07A"
"rerun\mcs7_rx_joint_rerun_160us\rx_mac_joint_m_axis.csv","553","2026-07-13 23:14:34","0DF6CE585BCBC1309E7E25BA9DF91BAED7D68B73FBA339C09BBD1A3411E0C20C"
"rerun\mcs7_rx_joint_rerun_160us\rx_mac_joint_phy_bits.csv","206767","2026-07-13 23:14:42","19A996A5DFF58922F67045239BE558F263B2B8F3167746D2B03940231754A64A"
"rerun\mcs7_rx_joint_rerun_160us\rx_mac_joint_sample_file.txt","88","2026-07-13 23:14:01","08BF8B2647F3F3176FF940D027F88F33D480733B3695F74DE7C53BF0CC1E1027"
"rerun\mcs7_rx_joint_rerun_160us\rx_mac_joint_summary.txt","369","2026-07-13 23:14:42","8AC2794EE4540A7FE62C249C2F54607657F6F2CF312BC88B66BD9FE909D1EFCB"
"rerun\mcs7_rx_joint_rerun_160us\viterbi_ip2024_axis.csv","94554","2026-07-13 23:14:42","B5C417B448789FB91EE8AFFF26101D9C80F9859E481C0F1C77710653D785635D"
"results\mcs0\rx_mac_joint_bytes.csv","2454","2026-07-13 21:30:17","1E9348F78F84C048F4DB812A3E993210CD746B33DF4008F1FBDD61EB6B5D763E"
"results\mcs0\rx_mac_joint_ctrl.csv","1041882","2026-07-13 21:30:17","8230B4F206C63B970B922AD4EDD4FCEB2D85A7F35E97A72194AB7633779DB25E"
"results\mcs0\rx_mac_joint_demod.csv","128096","2026-07-13 21:30:27","F75EB92928B70652C9E85F484A47E199797F6591B69DB6A1D68B5C7D395A3064"
"results\mcs0\rx_mac_joint_events.csv","51739","2026-07-13 21:30:17","D772F44ECB72BFF4C461B7EBFD42A016BF9144649F2D36A80AB5B1C837985110"
"results\mcs0\rx_mac_joint_m_axis.csv","562","2026-07-13 21:30:17","EC47AF636AFF8EFE132AEA08C284284190409911D0E9DB4F004848EB4292F654"
"results\mcs0\rx_mac_joint_phy_bits.csv","219544","2026-07-13 21:30:27","4B1D358416EDC8AFE6CD0C3B0002A6C981FB5E972E1DE3A47312B3E9F12B21D6"
"results\mcs0\rx_mac_joint_sample_file.txt","93","2026-07-13 21:28:43","BB0FA5F799ED1DA2993A89AB116CF4DBF4AD0CFC84F3DF44EBF07FE489838C9B"
"results\mcs0\rx_mac_joint_summary.txt","373","2026-07-13 21:30:27","575D65AC0306064D16D05C65019B402071F16BD067469670C2310111919A5869"
"results\mcs0\viterbi_ip2024_axis.csv","96344","2026-07-13 21:30:27","889C2BF7CE886AE484EE7E720AA6C447759302A14B87191D759D5D070CCDF355"
"results\mcs1\rx_mac_joint_bytes.csv","2409","2026-07-13 22:05:23","A0E8689681CF5827DE8AB6528A26E243093A480E54EBDECC9E84B8CAE1C1FBDA"
"results\mcs1\rx_mac_joint_ctrl.csv","548296","2026-07-13 22:05:23","2F74CA6004C0D591A1927AF0E21D158759FFF0A2060767D99721BC9428B52087"
"results\mcs1\rx_mac_joint_demod.csv","66470","2026-07-13 22:05:31","8DC140D1A29E7FC3332997F014148C1D189E6FBDF54C5E678744CD1DA69FB4F5"
"results\mcs1\rx_mac_joint_events.csv","4979","2026-07-13 22:05:23","0272E4AAFD47133378EE0D365AA70BE87DE0296F2B04EB35488C8BE596DC2A39"
"results\mcs1\rx_mac_joint_m_axis.csv","557","2026-07-13 22:05:23","EC9970A5D5259D207452DA0264E2D73CBC5229A047DDBAE98A60432F5911AD51"
"results\mcs1\rx_mac_joint_phy_bits.csv","215675","2026-07-13 22:05:31","9307668167D9AD19ACEC89A8550D8804BFAD10A6814708882689B133DBF0FA6D"
"results\mcs1\rx_mac_joint_sample_file.txt","93","2026-07-13 22:04:30","5B544273E7563241E9B365258881EA3C2112847708F89701DFF9EB4D166633AA"
"results\mcs1\rx_mac_joint_summary.txt","369","2026-07-13 22:05:31","8AC2794EE4540A7FE62C249C2F54607657F6F2CF312BC88B66BD9FE909D1EFCB"
"results\mcs1\viterbi_ip2024_axis.csv","95320","2026-07-13 22:05:31","FF4025357E39504C916F69339E2023819AE65043E27D251BF494BE3C662E685B"
"results\mcs2\rx_mac_joint_bytes.csv","2383","2026-07-13 22:26:55","CB37A526D298A1D225A8A21F9BC1638DD7C9A9A7C094871E8D9BC148FD23C86B"
"results\mcs2\rx_mac_joint_ctrl.csv","368480","2026-07-13 22:26:55","4180DEBBB2E89F5AC642F9057A30123F5B3D7FEA6D8F90D84BED5659D437F819"
"results\mcs2\rx_mac_joint_demod.csv","42760","2026-07-13 22:27:04","CB41CAE8596A809AA665DD6857943796048370374B43069E91C1E270D7DA394E"
"results\mcs2\rx_mac_joint_events.csv","4977","2026-07-13 22:26:55","333C86B343B886C0EB2D763D971D6E793AACCD7E477838C70434A77BA1912D59"
"results\mcs2\rx_mac_joint_m_axis.csv","553","2026-07-13 22:26:55","3FCE8675669ACBEB80E60D13A30E59C7DA7F24CE731A3D4169F64A0EB0AEAD36"
"results\mcs2\rx_mac_joint_phy_bits.csv","210404","2026-07-13 22:27:04","55F07E8F5884ABBB4BB5159C51748977C1D2A79A47022C7A82AD7932AD30D875"
"results\mcs2\rx_mac_joint_sample_file.txt","93","2026-07-13 22:26:10","CC62839FAF5361ADC6A21514EB4CC09C325EA15FF022EC80EF4EEAB499BEAE5F"
"results\mcs2\rx_mac_joint_summary.txt","371","2026-07-13 22:27:04","EBE532DD35495A188D9D04465F30925E9B920E62A51A5709E80FD4BB98CB65F5"
"results\mcs2\viterbi_ip2024_axis.csv","94830","2026-07-13 22:27:04","7C84F1D1B5D927ADDA051F52130A35462828AA1C670C71445E19C46BAF08C39E"
"results\mcs3\rx_mac_joint_bytes.csv","2383","2026-07-13 22:10:55","B803E74B2F1981602C5390BABB0F0218861DFF5A520BFA535A236064E01ACD94"
"results\mcs3\rx_mac_joint_ctrl.csv","300164","2026-07-13 22:10:55","B641B7183DBF2DF05B3D313A844F877652362D370CB43059E003BDAFD0425C09"
"results\mcs3\rx_mac_joint_demod.csv","34920","2026-07-13 22:11:03","983D2ACA494864F6CF15505AF4DB1015E351F501C6F51DFBF72AA587F81AA79C"
"results\mcs3\rx_mac_joint_events.csv","4977","2026-07-13 22:10:55","D4521592CCFCBBCFAA3872FA09B07B8C72AA93A0926BB7ABCEA9D1AB6C4C9A68"
"results\mcs3\rx_mac_joint_m_axis.csv","553","2026-07-13 22:10:55","AD2F176CEF48AD131E96B8C4A5D12FDF3A092ED7789278D68CF638D8972045AA"
"results\mcs3\rx_mac_joint_phy_bits.csv","211883","2026-07-13 22:11:03","260077D45024518E96A6E2411D6CB5EAD6562149D751635C7D489A2C7FB1C5FD"
"results\mcs3\rx_mac_joint_sample_file.txt","93","2026-07-13 22:10:15","552E0645BE64AE37507A348B312518EF5D1405A25D9DF749CB71A6AEE3F38ED1"
"results\mcs3\rx_mac_joint_summary.txt","369","2026-07-13 22:11:03","8AC2794EE4540A7FE62C249C2F54607657F6F2CF312BC88B66BD9FE909D1EFCB"
"results\mcs3\viterbi_ip2024_axis.csv","94784","2026-07-13 22:11:03","1738191865F4E4CE629112A206221C242FFD2919A094C6BC81F33AC5BC5501BB"
"results\mcs4\rx_mac_joint_bytes.csv","2383","2026-07-13 22:32:34","49ABEBB157DFBED68AC9B9CF86C2C5399715E7F04F0BCD5307F9E8827AAE631E"
"results\mcs4\rx_mac_joint_ctrl.csv","213864","2026-07-13 22:32:34","041FA70F158CDBCC9BFA944E78161EFBAD06D928E2054BA86AF8A0E2A0E92E22"
"results\mcs4\rx_mac_joint_demod.csv","23275","2026-07-13 22:32:42","8989C390B59FEACCB83FFFF60C91972E186B10AC1AC295F882A29FFF4671911F"
"results\mcs4\rx_mac_joint_events.csv","4977","2026-07-13 22:32:34","0E436D6043E9CE3BC8F62ABA0295B06C184892736CA7771D2319A410FEFE29F4"
"results\mcs4\rx_mac_joint_m_axis.csv","553","2026-07-13 22:32:34","90F4BCED9FC5555394140C24DD5512113CD703E8DE25C84E0EC5DCD9D0C700A2"
"results\mcs4\rx_mac_joint_phy_bits.csv","207624","2026-07-13 22:32:42","AABE6DF8BA9FD89FF74D2308876BAB81752F165AFA51B82CAC11EA4BAA51BF0A"
"results\mcs4\rx_mac_joint_sample_file.txt","93","2026-07-13 22:31:58","D68E38E46DC574272AA2A77D6A7DD0C6E0A06483D1540A129E3681A506BFFD42"
"results\mcs4\rx_mac_joint_summary.txt","369","2026-07-13 22:32:42","8AC2794EE4540A7FE62C249C2F54607657F6F2CF312BC88B66BD9FE909D1EFCB"
"results\mcs4\viterbi_ip2024_axis.csv","94646","2026-07-13 22:32:42","7ED05EEAF9934E41964A49EEF9604A269CBE6B1BCD1DC85361BF731EBB7EC205"
"results\mcs5\rx_mac_joint_bytes.csv","2383","2026-07-13 22:16:08","7EFEBF576C9FE4DC0413762F091E383F924D8A7C5944593754C499C420778A5D"
"results\mcs5\rx_mac_joint_ctrl.csv","181256","2026-07-13 22:16:08","F26B59633F091641F50ADAB9AA9C2CE8DC7F233230F814F7287A625D5D7FFB11"
"results\mcs5\rx_mac_joint_demod.csv","19674","2026-07-13 22:16:16","C9E2538ADC3D37A8980C6E6998C27EF4D6264483766831C2C6EEE482199960F7"
"results\mcs5\rx_mac_joint_events.csv","4977","2026-07-13 22:16:08","15D23F24E4EA347A7794D011BC334F0A763903E4007AA62A083E3A42899DEDAE"
"results\mcs5\rx_mac_joint_m_axis.csv","553","2026-07-13 22:16:08","C57F622DDA4359693931F5AA2CA6B87CB9D4B9FBD3C452FAE843F8672ACBDB2C"
"results\mcs5\rx_mac_joint_phy_bits.csv","209468","2026-07-13 22:16:16","EB18496FC0B5C4405A1AF08CC5EC7B3A4EAA2BBB68D06362A4062BFF18AF276E"
"results\mcs5\rx_mac_joint_sample_file.txt","93","2026-07-13 22:15:33","952B75A05E8CBADFEEF74ACB397575DA0685E07A0B9F882DC2F35C65EA027377"
"results\mcs5\rx_mac_joint_summary.txt","369","2026-07-13 22:16:16","8AC2794EE4540A7FE62C249C2F54607657F6F2CF312BC88B66BD9FE909D1EFCB"
"results\mcs5\viterbi_ip2024_axis.csv","94600","2026-07-13 22:16:16","8141A65A45BE25A0B9055EDA9DB560D3C9160751A429AD2357E48E4336FFD045"
"results\mcs6\rx_mac_joint_bytes.csv","2383","2026-07-13 22:21:21","FB5656A00070456F47DF6020C33B98F83F9757A1B101D506F1144EE879B00D5F"
"results\mcs6\rx_mac_joint_ctrl.csv","161756","2026-07-13 22:21:21","AF56080A564BCB4CEAF10514394B0B271EB1139D9A559A83A2F62CFC76315B9C"
"results\mcs6\rx_mac_joint_demod.csv","15726","2026-07-13 22:21:29","A83B9741B7BD9A97807B5A4B372C2270045C9B5EEF35DABACE92BF79E3908B9D"
"results\mcs6\rx_mac_joint_events.csv","4977","2026-07-13 22:21:21","F23988DDDAC2C67AD6C31A640FBBFCE15C7B9740CEE7466215B8004141B12630"
"results\mcs6\rx_mac_joint_m_axis.csv","553","2026-07-13 22:21:21","92960EBC006928CC625A918390A3F78F3E289075579ECE1D8018F545B302078B"
"results\mcs6\rx_mac_joint_phy_bits.csv","203101","2026-07-13 22:21:29","486C2FCAA15DE264F4DF49C25DAFA834FC716A19AA0A5225D3048DF24008F736"
"results\mcs6\rx_mac_joint_sample_file.txt","93","2026-07-13 22:20:48","4424B27B27217268F3A0B7C04BB196024BF1B88F9D4F0DAFAACB26AF3BE21925"
"results\mcs6\rx_mac_joint_summary.txt","371","2026-07-13 22:21:29","658BD1EB7E5E3A32248402634E28804C770B14575EC789919FEB0C06EC622BE7"
"results\mcs6\viterbi_ip2024_axis.csv","94554","2026-07-13 22:21:29","E1496F17D29D0F855B65D5705BAA8963C9EA4E9E6512FD2AA387A9B3A8C6E362"
"results\mcs7\rx_mac_joint_bytes.csv","2383","2026-07-13 21:23:06","CC6998D8239BF6CDBE1FCC6C37C91A451BC9727596B80C3F178494513DE5023F"
"results\mcs7\rx_mac_joint_ctrl.csv","155076","2026-07-13 21:23:06","E18FFDCD653E3C4B4F8DB9EF01C968C4EFE4704605D28D0127A64B64742BACA7"
"results\mcs7\rx_mac_joint_demod.csv","15743","2026-07-13 21:23:15","FBAAE8FAAF84DBA97FB727AAF89FF6090EB6FD066A80BBDC5C1495622FDF83A4"
"results\mcs7\rx_mac_joint_events.csv","4977","2026-07-13 21:23:06","58E5A5F038BF122D97E29F39D76155012950D8BE0C9AE2A682B4992240D6D07A"
"results\mcs7\rx_mac_joint_m_axis.csv","553","2026-07-13 21:23:06","0DF6CE585BCBC1309E7E25BA9DF91BAED7D68B73FBA339C09BBD1A3411E0C20C"
"results\mcs7\rx_mac_joint_phy_bits.csv","206767","2026-07-13 21:23:15","19A996A5DFF58922F67045239BE558F263B2B8F3167746D2B03940231754A64A"
"results\mcs7\rx_mac_joint_sample_file.txt","76","2026-07-13 21:22:26","7C2754CEFF00F45B5F5F384BC66BFCFF15A8FE8A07B913A1BDE923217B633AFF"
"results\mcs7\rx_mac_joint_summary.txt","369","2026-07-13 21:23:15","8AC2794EE4540A7FE62C249C2F54607657F6F2CF312BC88B66BD9FE909D1EFCB"
"results\mcs7\viterbi_ip2024_axis.csv","94554","2026-07-13 21:23:15","B5C417B448789FB91EE8AFFF26101D9C80F9859E481C0F1C77710653D785635D"
"rtl\equalizer.v","25698","2026-07-13 21:17:41","DA379C864EF4D80CD662BB4BB5A09A1B7505A29F3EC638FE7043101A6E58B033"
"rtl\equalizer.v.bak_ht_polarity_20260713","25698","2026-07-09 21:00:14","7BC1A22570AEA6574BA8A87510ED15FDCF21A52A92E08C348261CAAA3D63087E"
"rtl\equalizer_ht_pilot_polarity_fix.patch","430","2026-07-13 21:10:05","9410929AEF61484986D36FB8FB571A3F82D13DA61F963ED090ACDE31E4EF48D5"
"rtl\openofdm_rx_verilog\bits_to_bytes.v","784","2026-06-29 20:14:16","496F483C65613BBC398B82BD68AADAAB7A72477C28A4D3F5DD32D233085D3DFE"
"rtl\openofdm_rx_verilog\calc_mean.v","881","2026-06-29 20:14:16","E67B5027D8F2A2B0B7CED4B6084C7FDA5016B30A1C48E40F3D04AA9EE6ECA49B"
"rtl\openofdm_rx_verilog\common_defs.v","304","2026-06-29 20:14:16","673FB1969355658F8D0222FCC0B3421A0AAAC45AD8EC16B3FC9E953EF27B276A"
"rtl\openofdm_rx_verilog\common_params.v","2985","2026-06-29 20:14:16","2BB4733126A5BF6ED2A4068D962D85960FBD1DE5B81AD152825B346F1556A44D"
"rtl\openofdm_rx_verilog\complex_mult.v","2576","2026-06-29 20:14:16","FE41DBDCA2A6B56F60594362C77623BC417463DC6838B447BA6464EC51586D33"
"rtl\openofdm_rx_verilog\complex_to_mag.v","1393","2026-06-29 20:14:16","65E2120C7CC6F20487D5EE58AF83D8817B5819F14ED3F6C01E97811BDF607C36"
"rtl\openofdm_rx_verilog\complex_to_mag_sq.v","899","2026-06-29 20:14:16","042985A28BBA69001A318B7CF9CC51719DED4DD6856AA7F266AA788C3D84ABE5"
"rtl\openofdm_rx_verilog\crc32.v","5085","2026-06-29 20:14:16","2901E4C8F40077CDAF20BBE6E96E63CCCB6129EC54154F5038F15F7C65D573FE"
"rtl\openofdm_rx_verilog\deinterleave.v","7089","2026-06-29 20:14:16","ECDE2F68B8957F206B43F946F102288761792DC95EA941CE5187B14C723CAD83"
"rtl\openofdm_rx_verilog\delayT.v","594","2026-06-29 20:14:16","D15AE5131AF2D04DB612E7B6DF0A450D255785A2EB281AC3A01D23F3614FFB8B"
"rtl\openofdm_rx_verilog\demodulate.v","64384","2026-06-29 20:14:16","AA2D1AA9CEDB3E8CB5DF2A262EB3643FD0602B7715E63FAE4A090104C96DE642"
"rtl\openofdm_rx_verilog\descramble.v","1001","2026-06-29 20:14:16","D10B830A3D903A7E866CCB62161644E9B4DA5F0FBD92DD83A537A79C43812BAF"
"rtl\openofdm_rx_verilog\divider.v","967","2026-06-29 20:14:16","EE3E7BA3119288615498E14C0CD86E06B5D22E72B61D83B2B0799056133464FF"
"rtl\openofdm_rx_verilog\dot11.v","40530","2026-07-09 21:00:14","06D06BFF661F1EAB7FB005D99086A0B98F909073E83F9983A04A07D35110201B"
"rtl\openofdm_rx_verilog\dot11_setting_agent.v","767","2026-06-29 20:14:16","1FC186AAB1A6BC37594194EE80F6EEE13A07FB2E12551A9E655EF0C3D50C3A36"
"rtl\openofdm_rx_verilog\dot11_side_ch_tb.v","18948","2026-06-29 20:14:16","EBF29F00CE93110A84E521613FD5EBA225FC6C5A9D1E3F3E8E5CFB295B7E7504"
"rtl\openofdm_rx_verilog\dot11_tb.v","39498","2026-06-29 20:14:16","7419053B49DC342A3AC5096367BD40D6A82978EB77E2C1ECA282650688CC003F"
"rtl\openofdm_rx_verilog\dpram.v","2141","2026-06-29 20:14:16","CC7B06A9827E61C85BEE720683C340C8C531B9EA90C394D16A040B505159FFCE"
"rtl\openofdm_rx_verilog\equalizer.v","25698","2026-07-13 21:17:41","DA379C864EF4D80CD662BB4BB5A09A1B7505A29F3EC638FE7043101A6E58B033"
"rtl\openofdm_rx_verilog\fifo_sample_delay.v","2403","2026-06-29 20:14:16","A8D084A073C2D127D20FFFB0A228779C3AF7C10052D47BF689BEAAC02EBA0725"
"rtl\openofdm_rx_verilog\ht_sig_crc.v","604","2026-06-29 20:14:16","62DB3B7FB1B4B12BF18F076941BEDDF06BB167540C70ACCED2D78A01A4DE3984"
"rtl\openofdm_rx_verilog\intf_64bit.v","2486","2026-06-29 20:14:16","E22C352A842D8FC632265C1FE30D49248F0021BC16F6E56D2DB32E06F0C0BF20"
"rtl\openofdm_rx_verilog\mv_avg.v","3231","2026-06-29 20:14:16","432E89529898B21CB4A45F6EBA27EE674A82CDA4B82C28CB4CBAED7BFE36F5C8"
"rtl\openofdm_rx_verilog\mv_avg_dual_ch.v","4239","2026-06-29 20:14:16","60B39FF7B170C8EB4E5928017BC56AC088BB2369613C4D770F2DC7B9EA2FA6DA"
"rtl\openofdm_rx_verilog\ofdm_decoder.v","11090","2026-07-09 21:00:14","91291E7DF8F553D570E0EC9841635F9CF772E8EB0C954256D038D72379F1C87F"
"rtl\openofdm_rx_verilog\openofdm_rx.v","12120","2026-06-29 20:14:16","30F51F1695EAD26EFEA3F85545B57A9E01931F5874D5D936D1FBE5174C0DCE0C"
"rtl\openofdm_rx_verilog\openofdm_rx_git_rev.v","44","2026-07-13 22:27:55","D276DF5AB29AB094DF57D0182423F6F62C0A056814F80857F3417103554D40A8"
"rtl\openofdm_rx_verilog\openofdm_rx_pre_def.v","198","2026-07-13 22:27:55","D960B942C91A20A306A927B64F09C15F032FC22A8FAA352A1378D981C3C75841"
"rtl\openofdm_rx_verilog\openofdm_rx_s_axi.v","33543","2026-06-29 20:14:16","ED0A696125A708702978A8DD0579CF1AE6E79F1DD0413F5E4503BD9B086F11B5"
"rtl\openofdm_rx_verilog\phase.v","3623","2026-06-29 20:14:16","13D275CB6AAE10CCE1A12512B28EB22A3E054F87DEBD9983B57BA1366A8848C4"
"rtl\openofdm_rx_verilog\phy_len_calculation.v","3392","2026-06-29 20:14:16","B36593BE7EBBFA6431DC472D7C17434A711AF5152AA670E143EA2B74A347045F"
"rtl\openofdm_rx_verilog\power_trigger.v","2973","2026-06-29 20:14:16","245161393152959729BDECA7AFCB48974405FD0172362CF49EF0223BFDC104EB"
"rtl\openofdm_rx_verilog\rand_gen.v","575","2026-06-29 20:14:16","ECC2B8D803C8475CC701581E2BEC7B72115A73471BAAC4ADF6AAA63230345A61"
"rtl\openofdm_rx_verilog\rand_gen_tb.v","553","2026-06-29 20:14:16","A4809E6C28C0B6F9D38B98B41F92E8F8FCE9330BAAE0657DC80DE80974B37CE4"
"rtl\openofdm_rx_verilog\rate_to_idx.v","1560","2026-06-29 20:14:16","70EFA14B0F8E3B3253F5D46411B1DCD47DC214CE2EF56DCFF361E9D280488659"
"rtl\openofdm_rx_verilog\rot_after_fft.v","9529","2026-06-29 20:14:16","D82B91477335C91C000FCC7CD2EEE2EEFD5BAC51385591C55D90FD7230089608"
"rtl\openofdm_rx_verilog\rotate.v","3962","2026-06-29 20:14:16","88C5696B8410079C8A2816DF7118EDDAA09BAB27939B9E0D7ADCC6BD2C77CC1D"
"rtl\openofdm_rx_verilog\running_sum.v","2727","2026-06-29 20:14:16","2EA9F92401ABC090A4E3DAF16E564C1A83DBDA75701E5C1BF70DB1452E2E907E"
"rtl\openofdm_rx_verilog\running_sum_dual_ch.v","3452","2026-06-29 20:14:16","29FC872FAA8FD3CA4052D1232F5301186C6931A13F235186FDA61D0D1B95FFA4"
"rtl\openofdm_rx_verilog\signal_watchdog.v","8885","2026-06-29 20:14:16","61FAAC638BBEB8484A5355474D592813C48EF3E497AC6C3D42E2A33A1D49CD24"
"rtl\openofdm_rx_verilog\stage_mult.v","5532","2026-06-29 20:14:16","E66842D3466848832681002850608795DF454ED42678FBE4692A7A7F16134697"
"rtl\openofdm_rx_verilog\sync_long.v","23099","2026-06-29 20:14:16","4ED48EE4D58AB4051BCB8DE039790F300DEBC6EC371921CAF884DF39FDEA17F9"
"rtl\openofdm_rx_verilog\sync_short.v","5709","2026-06-29 20:14:16","8CEBFECFDB1048E58CAB4175398377C03BB84C27CC55F1277B83838BB7B42F73"
"rtl\openofdm_rx_verilog\viterbi.v","537","2026-06-29 20:14:16","C342A8CBA3B5BEEA692D09F0541FEE781856B81B1A6A7C0C85821970400DA479"
"rtl\rx_intf_src\adc_intf.v","8728","2026-06-29 20:13:14","74492ADD6E6F7EC560D03E1167F33AFBC57F38B645BB2E03955669C8653758B0"
"rtl\rx_intf_src\board_def.v","803","2026-06-29 20:13:14","8F35FEA4F6409FF8AC8FB82092DB204B779A19414AF1CE2F4CAF707BD2B8E44D"
"rtl\rx_intf_src\byte_to_word_fcs_sn_insert.v","2843","2026-06-29 20:13:14","CED55909F5B34E7357D97AFEBC7F3F0D64D59674A1933C0061B680E4BA18E4F9"
"rtl\rx_intf_src\clock_speed.v","28","2026-06-30 21:08:34","9BAAD7BD17DE4FA56EAA7C103E4712450CA740DAB39FD0C67F2DEADDA0BDFEA4"
"rtl\rx_intf_src\edge_to_flip.v","520","2026-06-29 20:13:14","3327E274CA8BDD0E0EFEB2A2EAA64AF2C1322144081739B70319DB93A67FD6AA"
"rtl\rx_intf_src\fpga_scale.v","29","2026-06-30 21:07:37","D7C0592E77A12E6940389562C10ADCF49BFB8DE91F795A108D09E2EE4DA1DDFA"
"rtl\rx_intf_src\gpio_status_rf_to_bb.v","5830","2026-06-29 20:13:14","DDA352AE9A97FC9549B12F22844AD981410E818F879FCBBB4B00B38D82DE8055"
"rtl\rx_intf_src\has_side_ch_flag.v","23","2026-06-30 21:07:37","658CB06ED57E31764976909492BA60FA8DE6FCB26F43CF06D7D3C712D674E129"
"rtl\rx_intf_src\mv_avg.v","2817","2026-06-29 20:13:14","4379A19B64BC70D4B5C83AFD35AA2D1032DC6229A44237CE4D95AD992A2C1FE7"
"rtl\rx_intf_src\mv_avg_dual_ch.v","4239","2026-06-29 20:13:14","60B39FF7B170C8EB4E5928017BC56AC088BB2369613C4D770F2DC7B9EA2FA6DA"
"rtl\rx_intf_src\openwifi_hw_git_rev.v","44","2026-06-30 21:07:37","0B2FCC0FD7F37CD4B1BCEE55B6C4AB33B745E66434EE4CFD5ABC84BA5AB9A876"
"rtl\rx_intf_src\rx_intf.v","19443","2026-06-29 20:13:14","3D717A47E2D6AD34586DD51FCF9DC2EDFEC704A8F11E4E6875F73E563D67C1AF"
"rtl\rx_intf_src\rx_intf_m_axis.v","11397","2026-06-29 20:13:14","DB19B02BBABCAEFF7F2646AD1D9BFB689321DA471069518FDC5F983D9E92D23B"
"rtl\rx_intf_src\rx_intf_pl_to_m_axis.v","12050","2026-06-29 20:13:14","EB7991A3FE6967FDD4E6190D20226A6FBB842C2A7109D257A19A6EFC6A4997CF"
"rtl\rx_intf_src\rx_intf_pre_def.v","34","2026-06-30 21:08:34","4EADC283A2AD96F9C804F8028749730597DD57C5D7E7D8751774382B58109E27"
"rtl\rx_intf_src\rx_intf_s_axi.v","33591","2026-06-29 20:13:14","BC6A12720979C4B7D9456872C76F3ADD804F9761FC98249AEF721CADE70C7E05"
"rtl\rx_intf_src\rx_iq_intf.v","9184","2026-06-29 20:13:14","36A2E660B49125FB1464F694A06CB6C2368CE08F9D8A61C2370CE441CE922840"
"rtl\rx_intf_src\spi_command.v","57","2026-06-30 21:07:37","B33AC86BD33C7BBBAA18F6991086ED76207E31F66E8EF5A0B0661FD712091EE3"
"rtl\xpu_src\board_def.v","803","2026-06-29 20:13:14","8F35FEA4F6409FF8AC8FB82092DB204B779A19414AF1CE2F4CAF707BD2B8E44D"
"rtl\xpu_src\cca.v","2212","2026-06-29 20:13:14","14EBA8DDC4A5DB8111C729D978D74EDB81D2350FA1D0C1CB29FB137B2E8BFD88"
"rtl\xpu_src\clock_speed.v","28","2026-06-30 21:08:46","9BAAD7BD17DE4FA56EAA7C103E4712450CA740DAB39FD0C67F2DEADDA0BDFEA4"
"rtl\xpu_src\csma_ca.v","21626","2026-06-29 20:13:14","B19CED48CD70750F8038876D452F89CA34D9E6605E92FD7327671A56B98E08BB"
"rtl\xpu_src\cw_exp.v","2358","2026-06-29 20:13:14","A844CC3480EE18DC7314ED2FBE232D5E18B7F1A9D787309B854C9EF4D0CDCF48"
"rtl\xpu_src\dc_rm.v","2297","2026-06-29 20:13:14","7C72914C8518B2ABF9AD873FAFEBAD51CA44B8C9A2C241B345BFE263556A0D5E"
"rtl\xpu_src\edge_to_flip.v","520","2026-06-29 20:13:14","3327E274CA8BDD0E0EFEB2A2EAA64AF2C1322144081739B70319DB93A67FD6AA"
"rtl\xpu_src\fifo_sample_delay.v","2403","2026-06-29 20:13:14","A8D084A073C2D127D20FFFB0A228779C3AF7C10052D47BF689BEAAC02EBA0725"
"rtl\xpu_src\fpga_scale.v","29","2026-06-30 21:07:37","D7C0592E77A12E6940389562C10ADCF49BFB8DE91F795A108D09E2EE4DA1DDFA"
"rtl\xpu_src\has_side_ch_flag.v","23","2026-06-30 21:07:37","658CB06ED57E31764976909492BA60FA8DE6FCB26F43CF06D7D3C712D674E129"
"rtl\xpu_src\iq_abs_avg.v","2925","2026-06-29 20:13:14","E011745C1DB00ADE90EA70ED81DA395DC1DA553216D56577401142E627C1AD37"
"rtl\xpu_src\iq_rssi_to_db.v","5177","2026-06-29 20:13:14","933CFFF7BE13EB556162E2BAC8285A288822E4CA56388BA5361CC58E0379D6D9"
"rtl\xpu_src\mv_avg.v","3231","2026-06-29 20:13:14","432E89529898B21CB4A45F6EBA27EE674A82CDA4B82C28CB4CBAED7BFE36F5C8"
"rtl\xpu_src\mv_avg_dual_ch.v","4239","2026-06-29 20:13:14","60B39FF7B170C8EB4E5928017BC56AC088BB2369613C4D770F2DC7B9EA2FA6DA"
"rtl\xpu_src\n_sym_len14_pkt.v","2261","2026-06-29 20:13:14","90D4D35BA2DA00DDCBF8102EC73E87D9FFFC4AB9CBF84D3180A910358FD3B6C7"
"rtl\xpu_src\openwifi_hw_git_rev.v","44","2026-06-30 21:08:46","0B2FCC0FD7F37CD4B1BCEE55B6C4AB33B745E66434EE4CFD5ABC84BA5AB9A876"
"rtl\xpu_src\phy_rx_parse.v","12368","2026-06-29 20:13:14","F582B6D13FBBC6E2745B05C050989302F705BAF58FA021421401CF68A050BE6D"
"rtl\xpu_src\pkt_filter_ctl.v","22372","2026-06-29 20:13:14","A6A07AF1E6FFF8519AEC8D2A8D321E28DF934F7354AD2850A6C41EFC025A7DA1"
"rtl\xpu_src\rssi.v","4302","2026-06-29 20:13:14","7206D134CFBB648E858AAF0F7B08C26D09D31BD72DBCB28D00E75262319D0EBE"
"rtl\xpu_src\spi.v","5586","2026-06-29 20:13:14","D178D4E500ADC663E0A4382627A7CE8B956892B107C388E824A6F2DC17989966"
"rtl\xpu_src\spi_command.v","57","2026-06-30 21:08:46","B33AC86BD33C7BBBAA18F6991086ED76207E31F66E8EF5A0B0661FD712091EE3"
"rtl\xpu_src\time_slice_gen.v","4269","2026-06-29 20:13:14","64925163829EFE946070A92F9C2A5E5D2E486061E8BAFAA0A1897CE3C1208751"
"rtl\xpu_src\tsf_timer.v","1657","2026-06-29 20:13:14","C6D3BE06AC6B933464ED1C1D292F164FEF566DC5DA0A48AD59B3F7D8BDE2B3BB"
"rtl\xpu_src\tx_control.v","30530","2026-06-29 20:13:14","D8A737AEB577EF7457E93E6581C8474CE273B54EC30FBBDCA6A67657A77988AB"
"rtl\xpu_src\tx_on_detection.v","6435","2026-06-29 20:13:14","15FB26236F4088A3B69847513F5C67457A89BC63ED4B00B9324B9A75C8DAB864"
"rtl\xpu_src\xpu.v","29632","2026-06-29 20:13:14","FE5C66F6565697D1F9D1A6C5BA6593FFFEE292D5F662F8B10BE771D7E8CCB375"
"rtl\xpu_src\xpu_pre_def.v","34","2026-06-30 21:08:46","4EADC283A2AD96F9C804F8028749730597DD57C5D7E7D8751774382B58109E27"
"rtl\xpu_src\xpu_s_axi.v","48141","2026-06-29 20:13:14","B71F12BB88245CD2CFBCF8E3EBE9789EC7111FBAAA83D477032FF5EDD36D96F7"
"sim\compat\atan_lut_behav.v","374","2026-07-06 21:23:03","33A27C498A05C8C86964C07BB4BA4125C96FB1224EF90FF01F3A1884556F687D"
"sim\compat\equalizer_ht_polarity_fix.v","25698","2026-07-13 20:47:32","DA379C864EF4D80CD662BB4BB5A09A1B7505A29F3EC638FE7043101A6E58B033"
"sim\compat\openwifi_rx_mac_joint_tb.v","31232","2026-07-12 23:40:04","92F5DAB6EBAED3056057FBF9901B9BC39C1BA2F4EAE23F8F8B036B8A6D8D5E26"
"sim\compat\openwifi_tx_main_joint_tb.v","22956","2026-07-12 23:28:57","B7E0D66EAAA5DD8598AD749A1644AE8FAE1A0DD1A85EC9B3A6C8509DA8214A5E"
"sim\compat\rot_lut_behav.v","500","2026-07-01 07:48:49","1B660D5DD0931DA6EAC421CDF239B1083CA04AF628D49B6F7FFE8B642374D33A"
"sim\compat\viterbi_v7_0_axis_behav_core.v","5321","2026-07-12 22:25:11","39DD4C1053B3AF7E454066ED3613AFBABF2B51C0EF1EDBEDC2DA3D2D529CC241"
"sim\compat\viterbi_v7_0_axis_ip2024_wrapper.v","5620","2026-07-12 22:25:54","603205BEBAD576784F823B2FBE4B74C52A300E9B39FA8CA2B82C2061D4978543"
"sim\compat\viterbi_v7_0_legacy_core.v","2401249","2026-07-01 08:26:44","67FEF0D84F643E96A2213E95F8F48B051BFE433EF104CCBC2E4134F2CB8CB3F7"
"sim\scripts\generate_rx_ht_loopback_stimulus.py","2843","2026-07-13 22:56:33","B6D6B41485BAADF02796FC1E2C89687AA4E05A4D0F53A22971C8845FDA3BE8A4"
"sim\scripts\run_openwifi_rx_mac_joint_vivado.tcl","10098","2026-07-13 20:47:50","6E6C7FF160592003C88D0AD2C045FC8E562C6F549D02B94EE15D80E5FE68DEEC"
"sim\scripts\run_openwifi_tx_main_joint_vivado.tcl","6318","2026-07-11 11:06:03","C4571112DFC30A5895E2D01AAEC4A3B849812790DFB4DE2125EE8F1E7AC979E3"
"sim\testbenches\atan_lut_behav.v","374","2026-07-06 21:23:03","33A27C498A05C8C86964C07BB4BA4125C96FB1224EF90FF01F3A1884556F687D"
"sim\testbenches\equalizer_ht_polarity_fix_validation_only.v","25698","2026-07-13 20:47:32","DA379C864EF4D80CD662BB4BB5A09A1B7505A29F3EC638FE7043101A6E58B033"
"sim\testbenches\openwifi_rx_mac_joint_tb.v","31232","2026-07-12 23:40:04","92F5DAB6EBAED3056057FBF9901B9BC39C1BA2F4EAE23F8F8B036B8A6D8D5E26"
"sim\testbenches\openwifi_tx_main_joint_tb.v","22956","2026-07-12 23:28:57","B7E0D66EAAA5DD8598AD749A1644AE8FAE1A0DD1A85EC9B3A6C8509DA8214A5E"
"sim\testbenches\rot_lut_behav.v","500","2026-07-01 07:48:49","1B660D5DD0931DA6EAC421CDF239B1083CA04AF628D49B6F7FFE8B642374D33A"
"sim\testbenches\viterbi_v7_0_axis_behav_core.v","5321","2026-07-12 22:25:11","39DD4C1053B3AF7E454066ED3613AFBABF2B51C0EF1EDBEDC2DA3D2D529CC241"
"sim\testbenches\viterbi_v7_0_axis_ip2024_wrapper.v","5620","2026-07-12 22:25:54","603205BEBAD576784F823B2FBE4B74C52A300E9B39FA8CA2B82C2061D4978543"
"sim\testbenches\viterbi_v7_0_legacy_core.v","2401249","2026-07-01 08:26:44","67FEF0D84F643E96A2213E95F8F48B051BFE433EF104CCBC2E4134F2CB8CB3F7"
"stimuli\mcs0_rx_stimulus.txt","39621","2026-07-11 20:27:47","1902CCA723C109822191F3CF603D6E08E4C99918C6BDA84B6796973616779528"
"stimuli\mcs1_rx_stimulus.txt","25522","2026-07-13 22:00:30","059B42FA8ECB0CB31FCC17C5EF02E3FCE1F2B768175E8187C493F10749B75EF9"
"stimuli\mcs2_rx_stimulus.txt","20285","2026-07-13 22:22:47","32F39B094DFE3332E31963AFEE9B26240A40EA5461E2A432D197785CA70512E3"
"stimuli\mcs3_rx_stimulus.txt","18491","2026-07-13 22:06:52","B2D97D9506A625F96BC4BC8EBF58F4F74361FEDEE2618B630C2C2B5857B46309"
"stimuli\mcs4_rx_stimulus.txt","15795","2026-07-13 22:27:48","C08ED893CAA6660F32CA78F06CEE2F73301E3920E9E375E8D8937F03C8B2B645"
"stimuli\mcs5_rx_stimulus.txt","14919","2026-07-13 22:12:16","FB096BBFB8E1D88C87B74F0770C103825AB25371BB9EEEB14C73CDBCFBD85839"
"stimuli\mcs6_rx_stimulus.txt","14015","2026-07-13 22:17:28","5DCBB87BB98DF82AF394CCAAE8016D6901DD5684446D496858D09673815282E7"
"stimuli\mcs7_rx_stimulus.txt","14006","2026-07-11 15:27:29","2B9F454A6856EF0CB8D05C18FE0A3BE9CDEFE7DA5C0DC6A6A3B295BEC92713CB"
"tx_sources\mcs0\tx_main_joint_core_iq.csv","100122","2026-07-11 16:50:04","5B5AF738F4AD1E430DE200CEF814232826D742D8529B8DFB668E4236A193C439"
"tx_sources\mcs0\tx_main_joint_events.csv","251","2026-07-11 16:50:04","A370B394B72796AF6BBD8F4EB38DEE73B93F22E33230829790A6F6FAFCD81777"
"tx_sources\mcs0\tx_main_joint_summary.txt","646","2026-07-11 16:50:04","B3A8C49F7FAD0143CA40EBF9D2E4FE5198CE5A36C41E815FEAE36B1FEC009AAE"
"tx_sources\mcs1\tx_main_joint_core_iq.csv","61043","2026-07-13 22:00:29","9CD5B947181838CFCD10DC48DA66F0E87B99483C87BF435550C73D590885A011"
"tx_sources\mcs1\tx_main_joint_events.csv","249","2026-07-13 22:00:29","C98FC884CCF2881C3971E45BAE3B173D5D5463C4C791735B9FAEFD971718BBA1"
"tx_sources\mcs1\tx_main_joint_summary.txt","676","2026-07-13 22:00:29","16212DDB04D61D8C59FC4FC0E9C0343AD4F51BAC3E1B5C7A43237938B9A53CAA"
"tx_sources\mcs2\tx_main_joint_core_iq.csv","47139","2026-07-13 22:22:46","AC702E39230461BC821DBB88C16B3FFA0D4E34ECBCCC5DEDE2458C409C004A0E"
"tx_sources\mcs2\tx_main_joint_events.csv","249","2026-07-13 22:22:46","8B778C8F0C0418D5C5760BF53C1749C31361AD47B7E54C4A372EA10BDF27A802"
"tx_sources\mcs2\tx_main_joint_summary.txt","676","2026-07-13 22:22:46","E50CCB346BCE0D6FABBFBE2C81AFCF83D01F97A5E9B05E175C3A80758737514C"
"tx_sources\mcs3\tx_main_joint_core_iq.csv","42447","2026-07-13 22:06:51","6E998A9AE130FC66F17B77FF677548C7FD20F152783DDD129E5AA101A43153F0"
"tx_sources\mcs3\tx_main_joint_events.csv","249","2026-07-13 22:06:51","7F53298B58888893C3E9B9C739BC071C0D327A793BA6FA826B3C3D318D55BE1A"
"tx_sources\mcs3\tx_main_joint_summary.txt","676","2026-07-13 22:06:51","2635BFB9F9B5D066841E1B4BDBF312488351BE932EFC2828EC3AF79046FD77F2"
"tx_sources\mcs4\tx_main_joint_core_iq.csv","35449","2026-07-13 22:27:46","DBA3F25C3427C6915DFE1ECEA369E94DF00BDA9A2B377DA2B2ABB057BB2D94AD"
"tx_sources\mcs4\tx_main_joint_events.csv","249","2026-07-13 22:27:46","7EAEEEA6162EAFD66AA5E53415E46A8C9279323901ACBEA7D5C8AB860CA9DFC0"
"tx_sources\mcs4\tx_main_joint_summary.txt","676","2026-07-13 22:27:46","AF2004BB515219D6491DC17D4F426A7D809CB043667D4D1402F57DEE31608882"
"tx_sources\mcs5\tx_main_joint_core_iq.csv","33137","2026-07-13 22:12:14","A1A3C3B24CEFA67957153015E29E2597135CD8D5C2EFEC26ACDAFE0BB2864410"
"tx_sources\mcs5\tx_main_joint_events.csv","249","2026-07-13 22:12:14","515875E2F0C1F1AC7033DE21C5681C8CB732014EB505AC342272228C5F2CF259"
"tx_sources\mcs5\tx_main_joint_summary.txt","676","2026-07-13 22:12:14","02EDE08ADECC17CB81F68A6F27C68DCAF81F1D7F00465337592A60711A39AF22"
"tx_sources\mcs6\tx_main_joint_core_iq.csv","30799","2026-07-13 22:17:26","B09A2717FB2AB7BE37C24EC0DE7A3930F785DC4D622D25DC0A1E4017FAD58E8E"
"tx_sources\mcs6\tx_main_joint_events.csv","248","2026-07-13 22:17:26","E9FFE4ED63D5C48F953AD1CE17F47C5E01C0CA96D3211F99DE0D7373525BD720"
"tx_sources\mcs6\tx_main_joint_summary.txt","676","2026-07-13 22:17:26","1349832FBF5853738438C309EF743128682875E73483D4CA8C60E7327ED61E75"
"tx_sources\mcs7\tx_main_joint_core_iq.csv","30799","2026-07-11 11:07:30","39D735E53F63480CDC8A63A77BDB16CCFBBF94517FB63591D4A153421CA88035"
"tx_sources\mcs7\tx_main_joint_events.csv","248","2026-07-11 11:07:30","ABCB4A238ACFD6A7BA57EEDF2E8A9706EB74C83588585D3E89E42C88C4984430"
"tx_sources\mcs7\tx_main_joint_summary.txt","703","2026-07-11 11:07:30","1F8926F4EBAB5ECD508A400CF53F4D61366E3FBADFA81E78E39689099A7192BB"
"vivado_board_sim\scripts\vivado_unix_compat.tcl","2800","2026-06-29 20:27:41","6E359AD45433A09CEC4EBFD52F1BB31EDCAD9677AF99239B6568EECC4DFD0041"
"waveforms\mcs0_openwifi_rx_mac_joint.wdb","45988071","2026-07-13 21:30:28","2BAF652C3BAFDB521AFCB8E4D6436100E5B94C1E486BEF9638E86A825ECAA9AC"
"waveforms\mcs1_openwifi_rx_mac_joint.wdb","32818455","2026-07-13 22:05:32","87DA08BD9011988C1771FCA40D3B569E32714EEE70454246DA73959F57A8E643"
"waveforms\mcs2_openwifi_rx_mac_joint.wdb","27773002","2026-07-13 22:27:05","737353807359736FB83A0A4BD87F9CED9B2DCC3519A6EFD0C92450E0C3565ED4"
"waveforms\mcs3_openwifi_rx_mac_joint.wdb","26169725","2026-07-13 22:11:04","8658996D1ABB6FC95FE95FFA9FBCF91E5E22C87DB594AF4E235152E7E0FDD2FD"
"waveforms\mcs4_openwifi_rx_mac_joint.wdb","23627136","2026-07-13 22:32:43","DCA84D5451B6E52A0CB060F874B4B491172B49502CF2866167F31938A6B94A0D"
"waveforms\mcs5_openwifi_rx_mac_joint.wdb","22846111","2026-07-13 22:16:17","12DB6BA2C0C8407E2DF294773615C5809350C39E82F72149938385C4F93F9D96"
"waveforms\mcs6_openwifi_rx_mac_joint.wdb","21979343","2026-07-13 22:21:30","9E7F04417044E78371D9071FB7A1A745193A6B679E92554873B1731E43A99574"
"waveforms\mcs7_openwifi_rx_mac_joint.wdb","21935340","2026-07-13 21:23:16","23FF19A0ACDF15B0B41AD74A729E579A764616DC5477855EF9862A9731020593"
